/*
SQLyog Ultimate v8.55 
MySQL - 5.7.22-log : Database - teste
*********************************************************************
*/

/*!40101 SET NAMES utf8 */;

/*!40101 SET SQL_MODE=''*/;

/*!40014 SET @OLD_UNIQUE_CHECKS=@@UNIQUE_CHECKS, UNIQUE_CHECKS=0 */;
/*!40014 SET @OLD_FOREIGN_KEY_CHECKS=@@FOREIGN_KEY_CHECKS, FOREIGN_KEY_CHECKS=0 */;
/*!40101 SET @OLD_SQL_MODE=@@SQL_MODE, SQL_MODE='NO_AUTO_VALUE_ON_ZERO' */;
/*!40111 SET @OLD_SQL_NOTES=@@SQL_NOTES, SQL_NOTES=0 */;
/*Table structure for table `conteudo` */

DROP TABLE IF EXISTS `conteudo`;

CREATE TABLE `conteudo` (
  `ID` int(11) NOT NULL AUTO_INCREMENT,
  `Titulo` varchar(150) NOT NULL,
  `imobiliariaID` int(6) NOT NULL,
  `ConteudoID` int(6) NOT NULL,
  PRIMARY KEY (`ID`)
) ENGINE=InnoDB AUTO_INCREMENT=56169 DEFAULT CHARSET=latin1;

/*Data for the table `conteudo` */

insert  into `conteudo`(`ID`,`Titulo`,`imobiliariaID`,`ConteudoID`) values (54996,'Útil',99901,0),(54997,'Ultimo nível',99901,55018),(54998,'Sobre Nós',99901,0),(54999,'Onde Estamos',99901,54998),(55000,'Sites Úteis',99901,54996),(55001,'Financiamento',99901,0),(55002,'Sobre o Site Midas Personalizado',99901,54996),(55003,'Dicas de Financiamento',99901,55001),(55004,'Documentos Necessários',99901,55001),(55005,'Dicionário Imobiliário',99901,55002),(55006,'Quem Somos',99901,54998),(55007,'Financeiras',99901,55001),(55008,'Parceiros',99901,54998),(55009,'Contato',99901,0),(55010,'Curriculo',99901,55009),(55011,'Sugestões',99901,55009),(55012,'Venda seu Imóvel',99901,0),(55013,'Compre seu imóvel',99901,0),(55014,'Fale Conosco',99901,55009),(55015,'Onde Estamos',99901,0),(55016,'Onde Estamos',99901,54998),(55017,'Onde Estamos',99901,54998),(55018,'Depoimentos',99901,55005),(56146,'Útil',99902,0),(56147,'Início',99902,0),(56148,'Sobre Nós',99902,0),(56149,'Onde Estamos',99902,56148),(56150,'Sites Úteis',99902,56146),(56151,'Financiamento',99902,0),(56152,'Sobre o Site Midas Personalizado',99902,56146),(56153,'Dicas de Financiamento',99902,56151),(56154,'Documentos Necessários',99902,56151),(56155,'Dicionário Imobiliário',99902,56146),(56156,'Quem Somos',99902,56148),(56157,'Financeiras',99902,56151),(56158,'Parceiros',99902,56148),(56159,'Contato',99902,0),(56160,'Curriculo',99902,56159),(56161,'Sugestões',99902,56159),(56162,'Venda seu Imóvel',99902,0),(56163,'Compre seu imóvel',99902,0),(56164,'Fale Conosco',99902,56159),(56165,'Onde Estamos',99902,0),(56166,'Onde Estamos',99902,56148),(56167,'Onde Estamos',99902,56148),(56168,'Depoimentos',99902,56146);

/*Table structure for table `imagem` */

DROP TABLE IF EXISTS `imagem`;

CREATE TABLE `imagem` (
  `imobiliariaid` int(11) NOT NULL,
  `imovelid` varchar(22) NOT NULL,
  `id` int(10) NOT NULL AUTO_INCREMENT,
  `nome` varchar(200) NOT NULL,
  `arquivo` varchar(200) NOT NULL,
  `tipo` set('N','D','P') NOT NULL,
  `datas` date NOT NULL,
  `DataTratamento` varchar(20) NOT NULL,
  `Ordem` int(11) NOT NULL,
  PRIMARY KEY (`id`)
) ENGINE=InnoDB AUTO_INCREMENT=30673472 DEFAULT CHARSET=latin1;

/*Data for the table `imagem` */

insert  into `imagem`(`imobiliariaid`,`imovelid`,`id`,`nome`,`arquivo`,`tipo`,`datas`,`DataTratamento`,`Ordem`) values (99901,'862104',13622990,'Cozinha','29206740.jpg','N','0000-00-00','2016-05-17 02:24:33',2),(99901,'862104',13622991,'Quarto','29206735.jpg','D','0000-00-00','2016-05-17 02:24:33',7),(99901,'862104',13622992,'Cozinha','29206733.jpg','P','0000-00-00','2016-05-17 02:24:33',3),(99901,'862104',13622993,'Cozinha','29206732.jpg','D','0000-00-00','2016-05-17 02:24:33',8),(99901,'1767301',13622994,'Cozinha','29206731.jpg','D','0000-00-00','',0),(99901,'862104',13622995,'Banheiro','29206730.jpg','N','0000-00-00','2016-05-17 02:24:33',6),(99901,'862104',13622996,'Banheiro','29206729.jpg','D','0000-00-00','2016-05-17 02:24:34',4),(99901,'862104',13622997,'Banheiro','29073925.jpg','P','0000-00-00','2016-05-17 02:24:34',5),(99901,'862105',13622999,'Sala','14073046.jpg','P','0000-00-00','2016-05-17 02:24:34',4),(99901,'862105',13623000,'Banheiro','29079612.jpg','P','0000-00-00','2016-05-17 02:24:34',3),(99901,'862105',13623001,'Banheiro','29079613.jpg','P','0000-00-00','2016-05-17 02:24:34',10),(99901,'862105',13623002,'Cozinha','29079611.jpg','N','0000-00-00','2016-05-17 02:24:34',9),(99901,'862105',13623003,'Sala','29079556.jpg','P','0000-00-00','2016-05-17 02:24:34',6),(99901,'862105',13623004,'Sala','29079557.jpg','P','0000-00-00','2016-05-17 02:24:34',7),(99901,'862105',13623005,'Varanda','29079559.jpg','N','0000-00-00','2016-05-17 02:24:34',2),(99901,'862105',13623006,'Escritorio','29079562.jpg','N','0000-00-00','2016-05-17 02:24:34',5),(99901,'862105',13623007,'Quarto','29079563.jpg','N','0000-00-00','2016-05-17 02:24:34',8),(99901,'862106',13623009,'Sala','29079826.jpg','P','0000-00-00','2016-05-17 02:24:34',10),(99901,'862106',13623010,'Banheiro','29079823.jpg','P','0000-00-00','2016-05-17 02:24:34',7),(99901,'862106',13623011,'Cozinha','29079824.jpg','P','0000-00-00','2016-05-17 02:24:34',8),(99901,'862106',13623012,'Sala','29079825.jpg','P','0000-00-00','2016-05-17 02:24:34',9),(99901,'862106',13623013,'Quarto','29079827.jpg','P','0000-00-00','2016-05-17 02:24:34',11),(99901,'862106',13623014,'Sala','29079815.jpg','P','0000-00-00','2016-05-17 02:24:34',2),(99901,'862106',13623015,'Quarto','29080038.jpg','P','0000-00-00','2016-05-17 02:24:34',15),(99901,'862106',13623016,'Quarto','29080039.jpg','P','0000-00-00','2016-05-17 02:24:34',16),(99901,'862106',13623017,'Quarto','29080037.jpg','P','0000-00-00','2016-05-17 02:24:34',14),(99901,'862106',13623018,'Quarto','29080036.jpg','P','0000-00-00','2016-05-17 02:24:34',13),(99901,'862106',13623019,'Quarto','29080035.jpg','P','0000-00-00','2016-05-17 02:24:34',12),(99901,'862106',13623020,'Banheiro','29079822.jpg','P','0000-00-00','2016-05-17 02:24:34',6),(99901,'862106',13623021,'Banheiro','29079821.jpg','P','0000-00-00','2016-05-17 02:24:34',5),(99901,'862106',13623022,'Banheiro','29079820.jpg','P','0000-00-00','2016-05-17 02:24:35',4),(99901,'862106',13623023,'Sala','29079807.jpg','P','0000-00-00','2016-05-17 02:24:35',3),(99901,'1767309',13623025,'Banheiro','13623025.jpg','N','0000-00-00','',6),(99901,'1767309',13623026,'Banheiro','13623026.jpg','D','0000-00-00','',9),(99901,'1767309',13623027,'Quarto','13623027.jpg','P','0000-00-00','',5),(99901,'1767309',13623028,'Quarto','13623028.jpg','P','0000-00-00','',3),(99901,'1767309',13623029,'Quarto','13623029.jpg','P','0000-00-00','',4),(99901,'1767309',13623030,'Sala','13623030.jpg','D','0000-00-00','',2),(99901,'1767309',13623031,'Banheiro','13623031.jpg','P','0000-00-00','',11),(99901,'1767309',13623032,'Banheiro','13623032.jpg','P','0000-00-00','',8),(99901,'1767309',13623033,'Banheiro','13623033.jpg','D','0000-00-00','',7),(99901,'1767309',13623034,'Banheiro','13623034.jpg','P','0000-00-00','',10),(99901,'862108',13623036,'Banheiro','29082474.jpg','D','0000-00-00','2016-05-17 02:24:35',10),(99901,'862108',13623037,'Quarto','29082473.jpg','D','0000-00-00','2016-05-17 02:24:35',9),(99901,'862108',13623038,'Quarto','29082471.jpg','D','0000-00-00','2016-05-17 02:24:35',8),(99901,'862108',13623039,'Banheiro','29082483.jpg','D','0000-00-00','2016-05-17 02:24:35',18),(99901,'862108',13623040,'Quarto','29082469.jpg','D','0000-00-00','2016-05-17 02:24:35',6),(99901,'862108',13623041,'Quarto','29082468.jpg','D','0000-00-00','2016-05-17 02:24:35',5),(99901,'862108',13623042,'Varanda','29082482.jpg','D','0000-00-00','2016-05-17 02:24:35',17),(99901,'862108',13623043,'Banheiro','29082477.jpg','D','0000-00-00','2016-05-17 02:24:36',13),(99901,'862108',13623044,'Banheiro','29082478.jpg','N','0000-00-00','2016-05-17 02:24:36',14),(99901,'862108',13623045,'Varanda','29082479.jpg','D','0000-00-00','2016-05-17 02:24:36',15),(99901,'862108',13623046,'Varanda','29082481.jpg','D','0000-00-00','2016-05-17 02:24:36',16),(99901,'862108',13623047,'Banheiro','29082475.jpg','D','0000-00-00','2016-05-17 02:24:36',11),(99901,'862108',13623048,'Banheiro','29082476.jpg','N','0000-00-00','2016-05-17 02:24:36',12),(99901,'862108',13623049,'Quarto','29082470.jpg','N','0000-00-00','2016-05-17 02:24:36',7),(99901,'862108',13623050,'Sala de Jantar','29082311.jpg','N','0000-00-00','2016-05-17 02:24:36',4),(99901,'862108',13623051,'Sala','29082310.jpg','N','0000-00-00','2016-05-17 02:24:36',3),(99901,'862108',13623052,'Varanda','29082496.jpg','N','0000-00-00','2016-05-17 02:24:36',21),(99901,'862108',13623053,'Varanda','29082495.jpg','N','0000-00-00','2016-05-17 02:24:36',20),(99901,'862108',13623054,'Varanda','29082494.jpg','N','0000-00-00','2016-05-17 02:24:36',19),(99901,'862108',13623055,'Varanda','29082498.jpg','N','0000-00-00','2016-05-17 02:24:36',23),(99901,'862108',13623056,'Varanda','29082497.jpg','N','0000-00-00','2016-05-17 02:24:36',22),(99901,'862108',13623058,'Piscina','29082308.jpg','N','0000-00-00','2016-05-17 02:24:36',2),(99901,'862109',13623059,'Sacada','29198030.jpg','D','0000-00-00','2016-05-17 02:24:36',12),(99901,'862109',13623060,'Sacada','29198029.jpg','D','0000-00-00','2016-05-17 02:24:36',11),(99901,'862109',13623061,'Sala','29198027.jpg','D','0000-00-00','2016-05-17 02:24:36',2),(99901,'862109',13623062,'Sala','29198026.jpg','D','0000-00-00','2016-05-17 02:24:36',4),(99901,'862109',13623063,'Sala','29198025.jpg','D','0000-00-00','2016-05-17 02:24:36',3),(99901,'862109',13623064,'Cozinha','29198024.jpg','N','0000-00-00','2016-05-17 02:24:36',10),(99901,'862109',13623065,'Varanda','29207487.jpg','D','0000-00-00','2016-05-17 02:24:36',13),(99901,'862109',13623066,'SAla','29197751.jpg','D','0000-00-00','2016-05-17 02:24:36',9),(99901,'862109',13623067,'Quarto','29197750.jpg','D','0000-00-00','2016-05-17 02:24:36',8),(99901,'862109',13623068,'Quarto','29197749.jpg','D','0000-00-00','2016-05-17 02:24:36',7),(99901,'862109',13623069,'Quarto','29197748.jpg','D','0000-00-00','2016-05-17 02:24:36',6),(99901,'862109',13623070,'Quarto','29197747.jpg','D','0000-00-00','2016-05-17 02:24:36',5),(99901,'862110',13623072,'Área de Serviço','29198048.jpg','D','0000-00-00','2016-05-17 02:24:37',9),(99901,'862110',13623073,'Sala','29198049.jpg','D','0000-00-00','2016-05-17 02:24:37',2),(99901,'862110',13623074,'Cozinha','29198047.jpg','D','0000-00-00','2016-05-17 02:24:37',8),(99901,'862110',13623075,'Banheiro','29198209.jpg','P','0000-00-00','2016-05-17 02:24:37',7),(99901,'862110',13623076,'Varanda','29198206.jpg','D','0000-00-00','2016-05-17 02:24:37',10),(99901,'862110',13623077,'Varanda','29198207.jpg','D','0000-00-00','2016-05-17 02:24:37',11),(99901,'862110',13623078,'Sala de Jantar','29198497.jpg','N','0000-00-00','2016-05-17 02:24:37',4),(99901,'862110',13623079,'Quarto','29198093.jpg','D','0000-00-00','2016-05-17 02:24:37',5),(99901,'862110',13623080,'Quarto','29198082.jpg','D','0000-00-00','2016-05-17 02:24:37',6),(99901,'862110',13623081,'Sala de Jantar','29198491.jpg','D','0000-00-00','2016-05-17 02:24:37',3),(99901,'862110',13623083,'Fachada','29198045.jpg','D','0000-00-00','2016-05-17 02:24:37',0),(99901,'862111',13623084,'Banheiro','29198222.jpg','N','0000-00-00','2016-05-17 02:24:37',11),(99901,'862111',13623085,'Sala','29198220.jpg','N','0000-00-00','2016-05-17 02:24:37',4),(99901,'862111',13623086,'Area de Serviço','29198221.jpg','N','0000-00-00','2016-05-17 02:24:37',12),(99901,'862111',13623087,'Quarto','29198216.jpg','N','0000-00-00','2016-05-17 02:24:37',9),(99901,'862111',13623088,'Sala','29198219.jpg','N','0000-00-00','2016-05-17 02:24:37',5),(99901,'862111',13623089,'Varanda','29198218.jpg','N','0000-00-00','2016-05-17 02:24:37',13),(99901,'862111',13623090,'Quarto','29198217.jpg','N','0000-00-00','2016-05-17 02:24:37',10),(99901,'862111',13623091,'Cozinha','29198214.jpg','N','0000-00-00','2016-05-17 02:24:37',7),(99901,'862111',13623092,'Quarto','29198215.jpg','N','0000-00-00','2016-05-17 02:24:37',8),(99901,'862111',13623093,'Cozinha','29198213.jpg','N','0000-00-00','2016-05-17 02:24:37',6),(99901,'862111',13623095,'Fachada','29198211.jpg','N','0000-00-00','2016-05-17 02:24:37',3),(99901,'1767303',13623096,'Quarto','13623096.jpg','D','0000-00-00','',6),(99901,'1767303',13623097,'Quarto','13623097.jpg','D','0000-00-00','',5),(99901,'1767303',13623098,'Quarto','13623098.jpg','D','0000-00-00','',4),(99901,'1767303',13623099,'Cozinha','13623099.jpg','D','0000-00-00','',3),(99901,'1767303',13623100,'Banheiro','13623100.jpg','D','0000-00-00','',8),(99901,'1767303',13623101,'Banheiro','13623101.jpg','D','0000-00-00','',7),(99901,'1767303',13623102,'Sala','13623102.jpg','D','0000-00-00','',2),(99901,'862113',13623104,'Varanda','29198523.jpg','D','0000-00-00','2016-05-17 02:24:38',12),(99901,'862113',13623105,'Banheiro','29198522.jpg','D','0000-00-00','2016-05-17 02:24:38',11),(99901,'862113',13623106,'Banheiro','29198521.jpg','D','0000-00-00','2016-05-17 02:24:38',10),(99901,'862113',13623107,'Cozinha','29198520.jpg','D','0000-00-00','2016-05-17 02:24:38',2),(99901,'862113',13623108,'Sala','29198519.jpg','D','0000-00-00','2016-05-17 02:24:38',3),(99901,'862113',13623109,'Banheiro','29198517.jpg','D','0000-00-00','2016-05-17 02:24:38',8),(99901,'862113',13623110,'Lavanderia','29198518.jpg','N','0000-00-00','2016-05-17 02:24:38',9),(99901,'862113',13623111,'Quarto','29198514.jpg','D','0000-00-00','2016-05-17 02:24:38',6),(99901,'862113',13623112,'Quarto','29198515.jpg','P','0000-00-00','2016-05-17 02:24:38',7),(99901,'862113',13623113,'Quarto','29198513.jpg','D','0000-00-00','2016-05-17 02:24:38',5),(99901,'862113',13623114,'Quarto','29198512.jpg','D','0000-00-00','2016-05-17 02:24:38',4),(99901,'862113',13623115,'Fachada','29198511.jpg','P','0000-00-00','2016-05-17 02:24:38',1),(99901,'862114',13623116,'Quarto','29198691.jpg','P','0000-00-00','2016-05-17 02:24:38',5),(99901,'862114',13623117,'Sala','29198694.jpg','P','0000-00-00','2016-05-17 02:24:38',1),(99901,'1767304',13623118,'Sala','13623118.jpg','D','0000-00-00','',0),(99901,'862114',13623119,'Quarto','29206796.jpg','P','0000-00-00','2016-05-17 02:24:39',4),(99901,'862114',13623120,'Sala','29198687.jpg','P','0000-00-00','2016-05-17 02:24:39',2),(99901,'862114',13623121,'Cozinha','29198688.jpg','P','0000-00-00','2016-05-17 02:24:39',7),(99901,'862114',13623122,'Banheiro','29220596.jpg','P','0000-00-00','2016-05-17 02:24:39',6),(99901,'862114',13623123,'Área de Serviço','29198683.jpg','P','0000-00-00','2016-05-17 02:24:39',8),(99901,'862114',13623124,'Sala de Jantar','29198686.jpg','P','0000-00-00','2016-05-17 02:24:39',3),(99901,'1767306',13623126,'Quarto','13623126.jpg','N','0000-00-00','',7),(99901,'1767306',13623127,'Quarto','13623127.jpg','D','0000-00-00','',8),(99901,'1767306',13623128,'Área de Serviço','13623128.jpg','D','0000-00-00','',10),(99901,'1767306',13623129,'Varanda','13623129.jpg','D','0000-00-00','',12),(99901,'1767305',13623130,'Varanda','13623130.jpg','D','0000-00-00','',1),(99901,'1767306',13623131,'Cozinha','13623131.jpg','D','0000-00-00','',6),(99901,'1767306',13623132,'Banheiro','13623132.jpg','D','0000-00-00','',9),(99901,'1767306',13623133,'Varanda','13623133.jpg','D','0000-00-00','',11),(99901,'1767306',13623134,'Varanda','13623134.jpg','N','0000-00-00','',13),(99901,'1767306',13623135,'Sala','13623135.jpg','N','0000-00-00','',3),(99901,'1767306',13623136,'Sala','13623136.jpg','N','0000-00-00','',2),(99901,'1767306',13623137,'Sala','13623137.jpg','N','0000-00-00','',4),(99901,'1767306',13623138,'Cozinha','13623138.jpg','D','0000-00-00','',14),(99901,'1767306',13623139,'Cozinha','13623139.jpg','D','0000-00-00','',5),(99901,'862116',13623141,'Quarto','29207316.jpg','D','0000-00-00','2016-05-17 02:24:39',8),(99901,'862116',13623142,'Quarto','29207315.jpg','D','0000-00-00','2016-05-17 02:24:39',10),(99901,'862116',13623143,'Banheiro','29207314.jpg','D','0000-00-00','2016-05-17 02:24:39',12),(99901,'862116',13623144,'Banheiro','29233378.jpg','D','0000-00-00','2016-05-17 02:24:39',12),(99901,'862116',13623145,'Varanda','29199195.jpg','D','0000-00-00','2016-05-17 02:24:39',2),(99901,'862116',13623146,'Varanda','29199196.jpg','D','0000-00-00','2016-05-17 02:24:39',3),(99901,'862116',13623147,'Área de Serviço','29199197.jpg','D','0000-00-00','2016-05-17 02:24:39',13),(99901,'862116',13623148,'Quarto','29199198.jpg','D','0000-00-00','2016-05-17 02:24:39',9),(99901,'862116',13623149,'Sala','29199200.jpg','N','0000-00-00','2016-05-17 02:24:39',7),(99901,'862116',13623150,'Sala de Jantar','29199201.jpg','D','0000-00-00','2016-05-17 02:24:39',6),(99901,'862116',13623151,'Varanda','29199202.jpg','D','0000-00-00','2016-05-17 02:24:40',14),(99901,'862116',13623152,'Sala','29199203.jpg','P','0000-00-00','2016-05-17 02:24:40',5),(99901,'862116',13623153,'Sacada','29199204.jpg','D','0000-00-00','2016-05-17 02:24:40',15),(99901,'862116',13623154,'Fachada','29199206.jpg','D','0000-00-00','2016-05-17 02:24:40',4),(99901,'862116',13623156,'Quarto','29199188.jpg','D','0000-00-00','2016-05-17 02:24:40',1),(99901,'862117',13623157,'Varanda','29233404.jpg','D','0000-00-00','2016-05-17 02:24:40',11),(99901,'862117',13623158,'Quarto','29233395.jpg','N','0000-00-00','2016-05-17 02:24:40',7),(99901,'862117',13623159,'Sala','29199208.jpg','D','0000-00-00','2016-05-17 02:24:40',4),(99901,'862117',13623160,'Sala','29199210.jpg','D','0000-00-00','2016-05-17 02:24:40',3),(99901,'862117',13623161,'Varanda','29199211.jpg','P','0000-00-00','2016-05-17 02:24:40',14),(99901,'862117',13623162,'Quarto','29199212.jpg','D','0000-00-00','2016-05-17 02:24:40',12),(99901,'862117',13623163,'Banheiro','29199213.jpg','N','0000-00-00','2016-05-17 02:24:40',10),(99901,'862117',13623164,'Varanda','29199214.jpg','D','0000-00-00','2016-05-17 02:24:40',15),(99901,'862117',13623165,'Cozinha','29199215.jpg','D','0000-00-00','2016-05-17 02:24:40',8),(99901,'862117',13623166,'Sala','29199216.jpg','D','0000-00-00','2016-05-17 02:24:40',13),(99901,'862117',13623167,'Sala','29199217.jpg','D','0000-00-00','2016-05-17 02:24:40',5),(99901,'862117',13623168,'Banheiro','29199218.jpg','D','0000-00-00','2016-05-17 02:24:40',9),(99901,'862117',13623169,'Entrada','29199219.jpg','D','0000-00-00','2016-05-17 02:24:40',16),(99901,'862117',13623170,'Cozinha','29199220.jpg','D','0000-00-00','2016-05-17 02:24:40',6),(99901,'862117',13623172,'Varanda','29207318.jpg','D','0000-00-00','2016-05-17 02:24:40',2),(99901,'862118',13623173,'Cozinha','29199423.jpg','D','0000-00-00','2016-05-17 02:24:41',7),(99901,'862118',13623174,'Sala','29199422.jpg','D','0000-00-00','2016-05-17 02:24:41',6),(99901,'862118',13623175,'Sala','29199419.jpg','N','0000-00-00','2016-05-17 02:24:41',2),(99901,'862118',13623176,'Cozinha','29199406.jpg','D','0000-00-00','2016-05-17 02:24:41',8),(99901,'862118',13623177,'Cozinha','29199408.jpg','D','0000-00-00','2016-05-17 02:24:41',9),(99901,'862118',13623178,'Cozinha','29199410.jpg','D','0000-00-00','2016-05-17 02:24:41',10),(99901,'862118',13623179,'Quarto','29199413.jpg','D','0000-00-00','2016-05-17 02:24:41',4),(99901,'862118',13623180,'QUarto','29199414.jpg','P','0000-00-00','2016-05-17 02:24:41',5),(99901,'862118',13623181,'Quarto','29199415.jpg','D','0000-00-00','2016-05-17 02:24:41',3),(99901,'862119',13623183,'Sala','29206664.jpg','D','0000-00-00','2016-05-17 02:24:41',5),(99901,'862119',13623184,'Sala','29206662.jpg','D','0000-00-00','2016-05-17 02:24:41',3),(99901,'862119',13623185,'Sala','29206663.jpg','D','0000-00-00','2016-05-17 02:24:41',4),(99901,'862119',13623186,'Varanda','29206661.jpg','P','0000-00-00','2016-05-17 02:24:41',14),(99901,'862119',13623187,'Sala','29206665.jpg','D','0000-00-00','2016-05-17 02:24:41',12),(99901,'862119',13623188,'Varanda','29206660.jpg','D','0000-00-00','2016-05-17 02:24:41',15),(99901,'862119',13623189,'Quarto','29206658.jpg','D','0000-00-00','2016-05-17 02:24:41',9),(99901,'862119',13623190,'Quarto','29206659.jpg','P','0000-00-00','2016-05-17 02:24:41',10),(99901,'862119',13623191,'Área de Serviço','29206656.jpg','D','0000-00-00','2016-05-17 02:24:41',11),(99901,'862119',13623192,'Quarto','29206657.jpg','P','0000-00-00','2016-05-17 02:24:41',8),(99901,'862119',13623193,'Varanda','29206655.jpg','D','0000-00-00','2016-05-17 02:24:41',18),(99901,'862119',13623194,'Varanda','29206654.jpg','P','0000-00-00','2016-05-17 02:24:41',17),(99901,'862119',13623195,'Varanda','29206653.jpg','D','0000-00-00','2016-05-17 02:24:41',16),(99901,'862119',13623196,'Varanda','29206651.jpg','D','0000-00-00','2016-05-17 02:24:41',13),(99901,'862119',13623197,'Cozinha','29206652.jpg','D','0000-00-00','2016-05-17 02:24:41',6),(99901,'862119',13623198,'Banheiro','29206516.jpg','P','0000-00-00','2016-05-17 02:24:41',7),(99901,'862119',13623200,'Entrada','29206514.jpg','D','0000-00-00','2016-05-17 02:24:41',2),(99901,'862104',13623488,'Sala','13623488.jpg','D','0000-00-00','2016-05-17 02:24:34',1),(99901,'862105',13623493,'Cobertura','13623493.jpg','D','0000-00-00','2016-05-17 02:24:34',1),(99901,'862106',13623550,'Sala','13623550.jpg','D','0000-00-00','2016-05-17 02:24:35',1),(99901,'1767309',13623632,'Sala','13623632.jpg','D','0000-00-00','',1),(99901,'862108',13623634,'Varanda','13623634.jpg','D','0000-00-00','2016-05-17 02:24:36',1),(99901,'862109',13623691,'Fachada','13623691.jpg','D','0000-00-00','2016-05-17 02:24:36',1),(99901,'862110',13623714,'','13623714.jpg','D','0000-00-00','2016-05-17 02:24:37',1),(99901,'862111',13623732,'Sala','13623732.jpg','D','0000-00-00','2016-05-17 02:24:37',2),(99901,'1767303',13623734,'Sala','13623734.jpg','D','0000-00-00','',1),(99901,'862117',13625198,'Piscina','13625198.jpg','D','0000-00-00','2016-05-17 02:24:41',1),(99901,'862118',13625200,'Sala','13625200.jpg','D','0000-00-00','2016-05-17 02:24:41',1),(99901,'862119',13628030,'Fachada','13628030.jpg','D','0000-00-00','2016-05-17 02:24:41',1),(99901,'1767302',13628034,'Fachada','13628034.jpg','N','0000-00-00','',1),(99902,'896501',14216520,'Cozinha','29206740.jpg','N','0000-00-00','',2),(99902,'896501',14216521,'Quarto','29206735.jpg','P','0000-00-00','',7),(99902,'896501',14216522,'Cozinha','29206733.jpg','D','0000-00-00','',3),(99902,'896501',14216523,'Cozinha','29206732.jpg','N','0000-00-00','',8),(99902,'896501',14216524,'Cozinha','29206731.jpg','N','0000-00-00','',1),(99902,'896501',14216525,'Banheiro','29206730.jpg','D','0000-00-00','',6),(99902,'896501',14216526,'Banheiro','29206729.jpg','N','0000-00-00','',4),(99902,'896501',14216527,'Banheiro','29073925.jpg','D','0000-00-00','',5),(99902,'896502',14216529,'Sala','14073046.jpg','P','0000-00-00','',4),(99902,'896502',14216530,'Banheiro','29079612.jpg','P','0000-00-00','',3),(99902,'896502',14216531,'Banheiro','29079613.jpg','D','0000-00-00','',10),(99902,'896502',14216532,'Cozinha','29079611.jpg','D','0000-00-00','',9),(99902,'896502',14216533,'Sala','29079556.jpg','D','0000-00-00','',6),(99902,'896502',14216534,'Sala','29079557.jpg','N','0000-00-00','',7),(99902,'896502',14216535,'Varanda','29079559.jpg','D','0000-00-00','',2),(99902,'896502',14216536,'Escritorio','29079562.jpg','P','0000-00-00','',5),(99902,'896502',14216537,'Quarto','29079563.jpg','D','0000-00-00','',8),(99902,'896503',14216539,'Sala','29079826.jpg','P','0000-00-00','',10),(99902,'896503',14216540,'Banheiro','29079823.jpg','D','0000-00-00','',7),(99902,'896503',14216541,'Cozinha','29079824.jpg','D','0000-00-00','',8),(99902,'896503',14216542,'Sala','29079825.jpg','N','0000-00-00','',9),(99902,'896503',14216543,'Quarto','29079827.jpg','D','0000-00-00','',11),(99902,'896503',14216544,'Sala','29079815.jpg','D','0000-00-00','',2),(99902,'896503',14216545,'Quarto','29080038.jpg','D','0000-00-00','',15),(99902,'896503',14216546,'Quarto','29080039.jpg','D','0000-00-00','',16),(99902,'896503',14216547,'Quarto','29080037.jpg','P','0000-00-00','',14),(99902,'896503',14216548,'Quarto','29080036.jpg','N','0000-00-00','',13),(99902,'896503',14216549,'Quarto','29080035.jpg','N','0000-00-00','',12),(99902,'896503',14216550,'Banheiro','29079822.jpg','D','0000-00-00','',6),(99902,'896503',14216551,'Banheiro','29079821.jpg','P','0000-00-00','',5),(99902,'896503',14216552,'Banheiro','29079820.jpg','D','0000-00-00','',4),(99902,'896503',14216553,'Sala','29079807.jpg','D','0000-00-00','',3),(99902,'896504',14216555,'Banheiro','29081058.jpg','P','0000-00-00','',6),(99902,'896504',14216556,'Banheiro','29081059.jpg','D','0000-00-00','',9),(99902,'896504',14216557,'Quarto','29080921.jpg','P','0000-00-00','',5),(99902,'896504',14216558,'Quarto','29080914.jpg','N','0000-00-00','',3),(99902,'896504',14216559,'Quarto','29080916.jpg','D','0000-00-00','',4),(99902,'896504',14216560,'Sala','29081070.jpg','P','0000-00-00','',2),(99902,'896504',14216561,'Banheiro','29081067.jpg','P','0000-00-00','',11),(99902,'896504',14216562,'Banheiro','29081066.jpg','P','0000-00-00','',8),(99902,'896504',14216563,'Banheiro','29081064.jpg','D','0000-00-00','',7),(99902,'896504',14216564,'Banheiro','29081062.jpg','N','0000-00-00','',10),(99902,'896505',14216566,'Banheiro','29082474.jpg','D','0000-00-00','',10),(99902,'896505',14216567,'Quarto','29082473.jpg','D','0000-00-00','',9),(99902,'896505',14216568,'Quarto','29082471.jpg','D','0000-00-00','',8),(99902,'896505',14216569,'Banheiro','29082483.jpg','N','0000-00-00','',18),(99902,'896505',14216570,'Quarto','29082469.jpg','D','0000-00-00','',6),(99902,'896505',14216571,'Quarto','29082468.jpg','D','0000-00-00','',5),(99902,'896505',14216572,'Varanda','29082482.jpg','D','0000-00-00','',17),(99902,'896505',14216573,'Banheiro','29082477.jpg','N','0000-00-00','',13),(99902,'896505',14216574,'Banheiro','29082478.jpg','D','0000-00-00','',14),(99902,'896505',14216575,'Varanda','29082479.jpg','D','0000-00-00','',15),(99902,'896505',14216576,'Varanda','29082481.jpg','D','0000-00-00','',16),(99902,'896505',14216577,'Banheiro','29082475.jpg','D','0000-00-00','',11),(99902,'896505',14216578,'Banheiro','29082476.jpg','D','0000-00-00','',12),(99902,'896505',14216579,'Quarto','29082470.jpg','D','0000-00-00','',7),(99902,'896505',14216580,'Sala de Jantar','29082311.jpg','D','0000-00-00','',4),(99902,'896505',14216581,'Sala','29082310.jpg','D','0000-00-00','',3),(99902,'896505',14216582,'Varanda','29082496.jpg','P','0000-00-00','',21),(99902,'896505',14216583,'Varanda','29082495.jpg','D','0000-00-00','',20),(99902,'896505',14216584,'Varanda','29082494.jpg','D','0000-00-00','',19),(99902,'896505',14216585,'Varanda','29082498.jpg','D','0000-00-00','',23),(99902,'896505',14216586,'Varanda','29082497.jpg','P','0000-00-00','',22),(99902,'896505',14216588,'Piscina','29082308.jpg','P','0000-00-00','',2),(99902,'896506',14216589,'Sacada','29198030.jpg','D','0000-00-00','',12),(99902,'896506',14216590,'Sacada','29198029.jpg','D','0000-00-00','',11),(99902,'896506',14216591,'Sala','29198027.jpg','D','0000-00-00','',2),(99902,'896506',14216592,'Sala','29198026.jpg','N','0000-00-00','',4),(99902,'896506',14216593,'Sala','29198025.jpg','D','0000-00-00','',3),(99902,'896506',14216594,'Cozinha','29198024.jpg','D','0000-00-00','',10),(99902,'896506',14216595,'Varanda','29207487.jpg','D','0000-00-00','',13),(99902,'896506',14216596,'SAla','29197751.jpg','N','0000-00-00','',9),(99902,'896506',14216597,'Quarto','29197750.jpg','P','0000-00-00','',8),(99902,'896506',14216598,'Quarto','29197749.jpg','D','0000-00-00','',7),(99902,'896506',14216599,'Quarto','29197748.jpg','N','0000-00-00','',6),(99902,'896506',14216600,'Quarto','29197747.jpg','D','0000-00-00','',5),(99902,'896507',14216602,'Área de Serviço','29198048.jpg','D','0000-00-00','',10),(99902,'896507',14216603,'Sala','29198049.jpg','P','0000-00-00','',3),(99902,'896507',14216604,'Cozinha','29198047.jpg','P','0000-00-00','',9),(99902,'896507',14216605,'Banheiro','29198209.jpg','P','0000-00-00','',8),(99902,'896507',14216606,'Varanda','29198206.jpg','D','0000-00-00','',11),(99902,'896507',14216607,'Varanda','29198207.jpg','D','0000-00-00','',12),(99902,'896507',14216608,'Sala de Jantar','29198497.jpg','D','0000-00-00','',5),(99902,'896507',14216609,'Quarto','29198093.jpg','D','0000-00-00','',6),(99902,'896507',14216610,'Quarto','29198082.jpg','D','0000-00-00','',7),(99902,'896507',14216611,'Sala de Jantar','29198491.jpg','D','0000-00-00','',4),(99902,'896507',14216613,'Fachada','29198045.jpg','N','0000-00-00','',2),(99902,'896508',14216614,'Banheiro','29198222.jpg','D','0000-00-00','',10),(99902,'896508',14216615,'Sala','29198220.jpg','D','0000-00-00','',3),(99902,'896508',14216616,'Area de Serviço','29198221.jpg','D','0000-00-00','',11),(99902,'896508',14216617,'Quarto','29198216.jpg','D','0000-00-00','',8),(99902,'896508',14216618,'Sala','29198219.jpg','D','0000-00-00','',4),(99902,'896508',14216619,'Varanda','29198218.jpg','P','0000-00-00','',12),(99902,'896508',14216620,'Quarto','29198217.jpg','D','0000-00-00','',9),(99902,'896508',14216621,'Cozinha','29198214.jpg','D','0000-00-00','',6),(99902,'896508',14216622,'Quarto','29198215.jpg','D','0000-00-00','',7),(99902,'896508',14216623,'Cozinha','29198213.jpg','D','0000-00-00','',5),(99902,'896508',14216625,'Fachada','29198211.jpg','D','0000-00-00','',2),(99902,'896509',14216626,'Quarto','29198464.jpg','D','0000-00-00','',6),(99902,'896509',14216627,'Quarto','29198461.jpg','D','0000-00-00','',5),(99902,'896509',14216628,'Quarto','29198462.jpg','D','0000-00-00','',4),(99902,'896509',14216629,'Cozinha','29198460.jpg','D','0000-00-00','',3),(99902,'896509',14216630,'Banheiro','29198459.jpg','D','0000-00-00','',8),(99902,'896509',14216631,'Banheiro','29198458.jpg','D','0000-00-00','',7),(99902,'896509',14216632,'Sala','29198468.jpg','D','0000-00-00','',2),(99902,'896510',14216634,'Varanda','29198523.jpg','D','0000-00-00','',12),(99902,'896510',14216635,'Banheiro','29198522.jpg','D','0000-00-00','',11),(99902,'896510',14216636,'Banheiro','29198521.jpg','D','0000-00-00','',10),(99902,'896510',14216637,'Cozinha','29198520.jpg','D','0000-00-00','',2),(99902,'896510',14216638,'Sala','29198519.jpg','D','0000-00-00','',3),(99902,'896510',14216639,'Banheiro','29198517.jpg','D','0000-00-00','',8),(99902,'896510',14216640,'Lavanderia','29198518.jpg','D','0000-00-00','',9),(99902,'896510',14216641,'Quarto','29198514.jpg','P','0000-00-00','',6),(99902,'896510',14216642,'Quarto','29198515.jpg','D','0000-00-00','',7),(99902,'896510',14216643,'Quarto','29198513.jpg','D','0000-00-00','',5),(99902,'896510',14216644,'Quarto','29198512.jpg','D','0000-00-00','',4),(99902,'896510',14216645,'Fachada','29198511.jpg','D','0000-00-00','',1),(99902,'896511',14216646,'Quarto','29198691.jpg','D','0000-00-00','',5),(99902,'896511',14216649,'Quarto','29206796.jpg','D','0000-00-00','',4),(99902,'896511',14216650,'Sala','29198687.jpg','D','0000-00-00','',2),(99902,'896511',14216651,'Cozinha','29198688.jpg','D','0000-00-00','',7),(99902,'896511',14216652,'Banheiro','29220596.jpg','P','0000-00-00','',6),(99902,'896511',14216653,'Área de Serviço','29198683.jpg','P','0000-00-00','',8),(99902,'896511',14216654,'Sala de Jantar','29198686.jpg','D','0000-00-00','',3),(99902,'896512',14216656,'Quarto','29198792.jpg','P','0000-00-00','',7),(99902,'896512',14216657,'Quarto','29198793.jpg','D','0000-00-00','',8),(99902,'896512',14216658,'Área de Serviço','29198791.jpg','D','0000-00-00','',10),(99902,'896512',14216659,'Varanda','29198789.jpg','D','0000-00-00','',12),(99902,'896512',14216660,'Varanda','29198790.jpg','P','0000-00-00','',1),(99902,'896512',14216661,'Cozinha','29198788.jpg','N','0000-00-00','',6),(99902,'896512',14216662,'Banheiro','29198796.jpg','N','0000-00-00','',9),(99902,'896512',14216663,'Varanda','29198794.jpg','N','0000-00-00','',11),(99902,'896512',14216664,'Varanda','29198795.jpg','N','0000-00-00','',13),(99902,'896512',14216665,'Sala','29206802.jpg','D','0000-00-00','',3),(99902,'896512',14216666,'Sala','29206801.jpg','P','0000-00-00','',2),(99902,'896512',14216667,'Sala','29198797.jpg','D','0000-00-00','',4),(99902,'896512',14216668,'Cozinha','29198798.jpg','D','0000-00-00','',14),(99902,'896512',14216669,'Cozinha','29198799.jpg','D','0000-00-00','',5),(99902,'896513',14216671,'Quarto','29207316.jpg','P','0000-00-00','',8),(99902,'896513',14216672,'Quarto','29207315.jpg','D','0000-00-00','',10),(99902,'896513',14216673,'Banheiro','29207314.jpg','D','0000-00-00','',12),(99902,'896513',14216674,'Banheiro','29233378.jpg','D','0000-00-00','',12),(99902,'896513',14216675,'Varanda','29199195.jpg','D','0000-00-00','',2),(99902,'896513',14216676,'Varanda','29199196.jpg','D','0000-00-00','',3),(99902,'896513',14216677,'Área de Serviço','29199197.jpg','D','0000-00-00','',13),(99902,'896513',14216678,'Quarto','29199198.jpg','D','0000-00-00','',9),(99902,'896513',14216679,'Sala','29199200.jpg','D','0000-00-00','',7),(99902,'896513',14216680,'Sala de Jantar','29199201.jpg','D','0000-00-00','',6),(99902,'896513',14216681,'Varanda','29199202.jpg','D','0000-00-00','',14),(99902,'896513',14216682,'Sala','29199203.jpg','D','0000-00-00','',5),(99902,'896513',14216683,'Sacada','29199204.jpg','P','0000-00-00','',15),(99902,'896513',14216684,'Fachada','29199206.jpg','P','0000-00-00','',4),(99902,'896514',14216687,'Varanda','29233404.jpg','D','0000-00-00','',10),(99902,'896514',14216688,'Quarto','29233395.jpg','D','0000-00-00','',12),(99902,'896514',14216689,'Sala','29199208.jpg','P','0000-00-00','',4),(99902,'896514',14216690,'Sala','29199210.jpg','D','0000-00-00','',3),(99902,'896514',14216691,'Varanda','29199211.jpg','D','0000-00-00','',14),(99902,'896514',14216692,'Quarto','29199212.jpg','D','0000-00-00','',11),(99902,'896514',14216693,'Banheiro','29199213.jpg','N','0000-00-00','',9),(99902,'896514',14216694,'Varanda','29199214.jpg','D','0000-00-00','',15),(99902,'896514',14216695,'Cozinha','29199215.jpg','D','0000-00-00','',7),(99902,'896514',14216696,'Sala','29199216.jpg','D','0000-00-00','',13),(99902,'896514',14216697,'Sala','29199217.jpg','D','0000-00-00','',5),(99902,'896514',14216698,'Banheiro','29199218.jpg','D','0000-00-00','',8),(99902,'896514',14216699,'Entrada','29199219.jpg','N','0000-00-00','',16),(99902,'896514',14216700,'Cozinha','29199220.jpg','N','0000-00-00','',6),(99902,'896514',14216702,'Varanda','29207318.jpg','D','0000-00-00','',2),(99902,'896515',14216703,'Cozinha','29199423.jpg','D','0000-00-00','',7),(99902,'896515',14216704,'Sala','29199422.jpg','D','0000-00-00','',6),(99902,'896515',14216705,'Sala','29199419.jpg','P','0000-00-00','',2),(99902,'896515',14216706,'Cozinha','29199406.jpg','D','0000-00-00','',8),(99902,'896515',14216707,'Cozinha','29199408.jpg','D','0000-00-00','',9),(99902,'896515',14216708,'Cozinha','29199410.jpg','D','0000-00-00','',10),(99902,'896515',14216709,'Quarto','29199413.jpg','D','0000-00-00','',4),(99902,'896515',14216710,'QUarto','29199414.jpg','D','0000-00-00','',5),(99902,'896515',14216711,'Quarto','29199415.jpg','D','0000-00-00','',3),(99902,'896516',14216713,'Sala','29206664.jpg','N','0000-00-00','',5),(99902,'896516',14216714,'Sala','29206662.jpg','D','0000-00-00','',3),(99902,'896516',14216715,'Sala','29206663.jpg','D','0000-00-00','',4),(99902,'896516',14216716,'Varanda','29206661.jpg','D','0000-00-00','',14),(99902,'896516',14216717,'Sala','29206665.jpg','D','0000-00-00','',12),(99902,'896516',14216718,'Varanda','29206660.jpg','D','0000-00-00','',15),(99902,'896516',14216719,'Quarto','29206658.jpg','D','0000-00-00','',9),(99902,'896516',14216720,'Quarto','29206659.jpg','P','0000-00-00','',10),(99902,'896516',14216721,'Área de Serviço','29206656.jpg','D','0000-00-00','',11),(99902,'896516',14216722,'Quarto','29206657.jpg','P','0000-00-00','',8),(99902,'896516',14216723,'Varanda','29206655.jpg','D','0000-00-00','',18),(99902,'896516',14216724,'Varanda','29206654.jpg','D','0000-00-00','',17),(99902,'896516',14216725,'Varanda','29206653.jpg','D','0000-00-00','',16),(99902,'896516',14216726,'Varanda','29206651.jpg','P','0000-00-00','',13),(99902,'896516',14216727,'Cozinha','29206652.jpg','D','0000-00-00','',6),(99902,'896516',14216728,'Banheiro','29206516.jpg','D','0000-00-00','',7),(99902,'896516',14216730,'Entrada','29206514.jpg','D','0000-00-00','',2),(99902,'896501',16622350,'','16622350.jpg','D','0000-00-00','2016-12-30 12:18:14',0),(99902,'896502',16622352,'','16622352.jpg','P','0000-00-00','2016-12-30 12:18:51',1),(99902,'896503',16622354,'','16622354.jpg','D','0000-00-00','2016-12-30 12:19:59',1),(99902,'896504',16622356,'','16622356.jpg','D','0000-00-00','2016-12-30 12:20:15',1),(99902,'896505',16622358,'','16622358.jpg','D','0000-00-00','2016-12-30 12:20:33',1),(99902,'896506',16622360,'','16622360.jpg','D','0000-00-00','2016-12-30 12:20:49',1),(99902,'896507',16622362,'','16622362.jpg','D','0000-00-00','2016-12-30 12:21:08',1),(99902,'896508',16622364,'','16622364.jpg','D','0000-00-00','2016-12-30 12:21:32',1),(99902,'896509',16622366,'','16622366.jpg','D','0000-00-00','2016-12-30 12:21:53',1),(99902,'896511',16622368,'','16622368.jpg','N','0000-00-00','2016-12-30 12:22:16',1),(99902,'896514',16622371,'','16622371.jpg','P','0000-00-00','2016-12-30 12:23:20',1),(99902,'896515',16622373,'','16622373.jpg','N','0000-00-00','2016-12-30 12:23:47',1),(99902,'896516',16622375,'','16622375.jpg','D','0000-00-00','2016-12-30 12:24:07',1),(99902,'896513',16622378,'','16622378.jpg','D','0000-00-00','2016-12-30 12:26:43',1),(99901,'1071155',17322371,'','17322371.jpg','D','0000-00-00','2017-02-22 11:37:29',3),(99901,'1071155',17322373,'','17322373.jpg','P','0000-00-00','2017-02-22 11:37:30',2),(99901,'1071155',17322374,'','17322374.jpg','D','0000-00-00','2017-02-22 11:37:31',4),(99901,'1071155',17322375,'','17322375.jpg','N','0000-00-00','2017-02-22 11:37:35',1),(99901,'1197272',19577209,'','/imobiliarias/99901/imoveis/1197272/19577209.jpg','N','0000-00-00','',0),(99901,'1197272',19577210,'','/imobiliarias/99901/imoveis/1197272/19577210.jpg','N','0000-00-00','',1),(99901,'1197272',19577211,'','/imobiliarias/99901/imoveis/1197272/19577211.jpg','N','0000-00-00','',2),(99901,'1197272',19577212,'','/imobiliarias/99901/imoveis/1197272/19577212.jpg','N','0000-00-00','',3),(99901,'1197272',19577213,'','/imobiliarias/99901/imoveis/1197272/19577213.jpg','N','0000-00-00','',4),(99901,'1197272',19577214,'','/imobiliarias/99901/imoveis/1197272/19577214.jpg','N','0000-00-00','',5),(99901,'1197272',19577215,'','/imobiliarias/99901/imoveis/1197272/19577215.jpg','N','0000-00-00','',6),(99901,'1294863',21445392,'','21445392.jpg','D','0000-00-00','',0),(99901,'1294863',21445393,'','21445393.jpg','D','0000-00-00','',1),(99901,'1197271',24831530,'','24831530.jpg','D','0000-00-00','',0),(99901,'1458528',24831646,'','24831646.jpg','D','0000-00-00','',0),(99901,'1550095',26269422,'','26269422.jpg','P','0000-00-00','',0),(99901,'1550095',26269423,'','26269423.jpg','P','0000-00-00','',1),(99901,'1550095',26269424,'','26269424.jpg','P','0000-00-00','',2),(99901,'1550095',26269425,'','26269425.jpg','P','0000-00-00','',3),(99901,'1550095',26269426,'','26269426.jpg','N','0000-00-00','',4),(99901,'1550095',26269427,'','26269427.jpg','P','0000-00-00','',5),(99901,'1550095',26269428,'','26269428.jpg','N','0000-00-00','',6),(99901,'1550095',26269429,'','26269429.jpg','P','0000-00-00','',7),(99901,'1550097',26269446,'','26269446.jpg','P','0000-00-00','',0),(99901,'1550097',26269447,'','26269447.jpg','P','0000-00-00','',1),(99901,'1550097',26269448,'','26269448.jpg','P','0000-00-00','',2),(99901,'1550097',26269449,'','26269449.jpg','P','0000-00-00','',3),(99901,'1550097',26269450,'','26269450.jpg','P','0000-00-00','',4),(99901,'1550097',26269451,'','26269451.jpg','P','0000-00-00','',5),(99901,'1550097',26269452,'','26269452.jpg','P','0000-00-00','',6),(99901,'1550097',26269453,'','26269453.jpg','N','0000-00-00','',7),(99901,'1550097',26269454,'','26269454.jpg','P','0000-00-00','',8),(99901,'1550097',26269455,'','26269455.jpg','P','0000-00-00','',9),(99902,'1630615',27809966,'','27809966.jpg','P','0000-00-00','',0),(99901,'1750985',30608823,'','30608823.jpg','D','0000-00-00','',0),(99901,'1626151',30673355,'','30673355.png','D','0000-00-00','',0),(99901,'1626151',30673356,'','30673356.jpg','D','0000-00-00','',1),(99901,'862104',30673357,'','30673357.jpg','D','0000-00-00','',9),(99901,'1767286',30673358,'Cozinha','30673358.jpg','D','0000-00-00','',0),(99901,'1767286',30673359,'Sala','30673359.jpg','D','0000-00-00','',1),(99901,'1767286',30673360,'Cozinha','30673360.jpg','N','0000-00-00','',2),(99901,'1767286',30673361,'Cozinha','30673361.jpg','D','0000-00-00','',3),(99901,'1767286',30673362,'Banheiro','30673362.jpg','D','0000-00-00','',4),(99901,'1767286',30673363,'Banheiro','30673363.jpg','N','0000-00-00','',5),(99901,'1767286',30673364,'Banheiro','30673364.jpg','D','0000-00-00','',6),(99901,'1767286',30673365,'Quarto','30673365.jpg','D','0000-00-00','',7),(99901,'1767286',30673366,'Cozinha','30673366.jpg','N','0000-00-00','',8),(99901,'1767286',30673367,'','30673367.jpg','D','0000-00-00','',9),(99901,'862104',30673368,'','30673368.jpg','N','0000-00-00','',10),(99901,'1767288',30673369,'Cobertura','30673369.jpg','D','0000-00-00','',1),(99901,'1767288',30673370,'Varanda','30673370.jpg','D','0000-00-00','',2),(99901,'1767288',30673371,'Banheiro','30673371.jpg','P','0000-00-00','',3),(99901,'1767288',30673372,'Sala','30673372.jpg','D','0000-00-00','',4),(99901,'1767288',30673373,'Escritorio','30673373.jpg','N','0000-00-00','',5),(99901,'1767288',30673374,'Sala','30673374.jpg','D','0000-00-00','',6),(99901,'1767288',30673375,'Sala','30673375.jpg','D','0000-00-00','',7),(99901,'1767288',30673376,'Quarto','30673376.jpg','P','0000-00-00','',8),(99901,'1767288',30673377,'Cozinha','30673377.jpg','D','0000-00-00','',9),(99901,'1767288',30673378,'Banheiro','30673378.jpg','P','0000-00-00','',10),(99901,'1767289',30673379,'Cobertura','30673379.jpg','D','0000-00-00','',1),(99901,'1767289',30673380,'Varanda','30673380.jpg','N','0000-00-00','',2),(99901,'1767289',30673381,'Banheiro','30673381.jpg','D','0000-00-00','',3),(99901,'1767289',30673382,'Sala','30673382.jpg','P','0000-00-00','',4),(99901,'1767289',30673383,'Escritorio','30673383.jpg','N','0000-00-00','',5),(99901,'1767289',30673384,'Sala','30673384.jpg','D','0000-00-00','',6),(99901,'1767289',30673385,'Sala','30673385.jpg','P','0000-00-00','',7),(99901,'1767289',30673386,'Quarto','30673386.jpg','D','0000-00-00','',8),(99901,'1767289',30673387,'Cozinha','30673387.jpg','P','0000-00-00','',9),(99901,'1767289',30673388,'Banheiro','30673388.jpg','N','0000-00-00','',10),(99901,'1767290',30673389,'Cozinha','30673389.jpg','D','0000-00-00','',0),(99901,'1767291',30673390,'Cozinha','30673390.jpg','D','0000-00-00','',0),(99901,'1767292',30673391,'Cozinha','30673391.jpg','D','0000-00-00','',0),(99901,'1767292',30673392,'Sala','30673392.jpg','P','0000-00-00','',1),(99901,'1767292',30673393,'Cozinha','30673393.jpg','P','0000-00-00','',2),(99901,'1767292',30673394,'Cozinha','30673394.jpg','N','0000-00-00','',3),(99901,'1767292',30673395,'Banheiro','30673395.jpg','D','0000-00-00','',4),(99901,'1767292',30673396,'Banheiro','30673396.jpg','N','0000-00-00','',5),(99901,'1767292',30673397,'Banheiro','30673397.jpg','D','0000-00-00','',6),(99901,'1767292',30673398,'Quarto','30673398.jpg','D','0000-00-00','',7),(99901,'1767292',30673399,'Cozinha','30673399.jpg','D','0000-00-00','',8),(99901,'1767292',30673400,'','30673400.jpg','P','0000-00-00','',9),(99901,'1767292',30673401,'','30673401.jpg','D','0000-00-00','',10),(99901,'1767293',30673402,'Fachada','30673402.jpg','N','0000-00-00','',1),(99901,'862114',30673403,'','30673403.png','N','0000-00-00','',9),(99901,'1767297',30673404,'','30673404.png','P','0000-00-00','',0),(99901,'1767297',30673405,'','30673405.png','D','0000-00-00','',1),(99901,'1767297',30673406,'','30673406.png','N','0000-00-00','',2),(99901,'1767299',30673407,'','/imobiliarias/temp/imagens/3785d8b607ed4e6e8164db0cda06f3c238ac39eb1d387804c2daf21baf588d66-140040589/eba40bf48e94900c2a818bb57e30fc0ccfe360a8829bb4deb3cea0b9b7b0959a.png','D','0000-00-00','',0),(99901,'1767310',30673408,'Quarto','30673408.jpg','D','0000-00-00','',1),(99901,'1767310',30673409,'Varanda','30673409.jpg','D','0000-00-00','',2),(99901,'1767310',30673410,'Varanda','30673410.jpg','P','0000-00-00','',3),(99901,'1767310',30673411,'Fachada','30673411.jpg','P','0000-00-00','',4),(99901,'1767310',30673412,'Sala','30673412.jpg','N','0000-00-00','',5),(99901,'1767310',30673413,'Sala de Jantar','30673413.jpg','D','0000-00-00','',6),(99901,'1767310',30673414,'Sala','30673414.jpg','N','0000-00-00','',7),(99901,'1767310',30673415,'Quarto','30673415.jpg','D','0000-00-00','',8),(99901,'1767310',30673416,'Quarto','30673416.jpg','N','0000-00-00','',9),(99901,'1767310',30673417,'Quarto','30673417.jpg','D','0000-00-00','',10),(99901,'1767310',30673418,'Banheiro','30673418.jpg','N','0000-00-00','',12),(99901,'1767310',30673419,'Banheiro','30673419.jpg','P','0000-00-00','',12),(99901,'1767310',30673420,'Área de Serviço','30673420.jpg','P','0000-00-00','',13),(99901,'1767310',30673421,'Varanda','30673421.jpg','P','0000-00-00','',14),(99901,'1767310',30673422,'Sacada','30673422.jpg','D','0000-00-00','',15),(99901,'1767311',30673423,'Quarto','30673423.jpg','D','0000-00-00','',1),(99901,'1767311',30673424,'Varanda','30673424.jpg','P','0000-00-00','',2),(99901,'1767311',30673425,'Varanda','30673425.jpg','D','0000-00-00','',3),(99901,'1767311',30673426,'Fachada','30673426.jpg','N','0000-00-00','',4),(99901,'1767311',30673427,'Sala','30673427.jpg','D','0000-00-00','',5),(99901,'1767311',30673428,'Sala de Jantar','30673428.jpg','D','0000-00-00','',6),(99901,'1767311',30673429,'Sala','30673429.jpg','D','0000-00-00','',7),(99901,'1767311',30673430,'Quarto','30673430.jpg','N','0000-00-00','',8),(99901,'1767311',30673431,'Quarto','30673431.jpg','N','0000-00-00','',9),(99901,'1767311',30673432,'Quarto','30673432.jpg','N','0000-00-00','',10),(99901,'1767311',30673433,'Banheiro','30673433.jpg','D','0000-00-00','',12),(99901,'1767311',30673434,'Banheiro','30673434.jpg','D','0000-00-00','',12),(99901,'1767311',30673435,'Área de Serviço','30673435.jpg','N','0000-00-00','',13),(99901,'1767311',30673436,'Varanda','30673436.jpg','N','0000-00-00','',14),(99901,'1767311',30673437,'Sacada','30673437.jpg','N','0000-00-00','',15),(99901,'1767312',30673438,'Quarto','30673438.jpg','D','0000-00-00','',0),(99901,'1767312',30673439,'Varanda','30673439.jpg','P','0000-00-00','',1),(99901,'1767312',30673440,'Varanda','30673440.jpg','D','0000-00-00','',2),(99901,'1767312',30673441,'Fachada','30673441.jpg','D','0000-00-00','',3),(99901,'1767312',30673442,'Sala','30673442.jpg','P','0000-00-00','',4),(99901,'1767312',30673443,'Sala de Jantar','30673443.jpg','D','0000-00-00','',5),(99901,'1767312',30673444,'Sala','30673444.jpg','P','0000-00-00','',6),(99901,'1767312',30673445,'Quarto','30673445.jpg','N','0000-00-00','',7),(99901,'1767312',30673446,'Quarto','30673446.jpg','D','0000-00-00','',8),(99901,'1767312',30673447,'Quarto','30673447.jpg','P','0000-00-00','',9),(99901,'1767312',30673448,'Banheiro','30673448.jpg','N','0000-00-00','',10),(99901,'1767312',30673449,'Banheiro','30673449.jpg','P','0000-00-00','',11),(99901,'1767312',30673450,'Área de Serviço','30673450.jpg','D','0000-00-00','',12),(99901,'1767312',30673451,'Varanda','30673451.jpg','P','0000-00-00','',13),(99901,'1767313',30673452,'Quarto','30673452.jpg','P','0000-00-00','',0),(99901,'1767313',30673453,'Varanda','30673453.jpg','N','0000-00-00','',1),(99901,'1767313',30673454,'Varanda','30673454.jpg','D','0000-00-00','',2),(99901,'1767313',30673455,'Fachada','30673455.jpg','P','0000-00-00','',3),(99901,'1767313',30673456,'Sala','30673456.jpg','P','0000-00-00','',4),(99901,'1767313',30673457,'Sala de Jantar','30673457.jpg','N','0000-00-00','',5),(99901,'1767313',30673458,'Sala','30673458.jpg','D','0000-00-00','',6),(99901,'1767313',30673459,'Quarto','30673459.jpg','N','0000-00-00','',7),(99901,'1767313',30673460,'Quarto','30673460.jpg','D','0000-00-00','',8),(99901,'1767313',30673461,'Quarto','30673461.jpg','P','0000-00-00','',9),(99901,'1767313',30673462,'Banheiro','30673462.jpg','N','0000-00-00','',10),(99901,'1767313',30673463,'Banheiro','30673463.jpg','N','0000-00-00','',11),(99901,'1767313',30673464,'Área de Serviço','30673464.jpg','D','0000-00-00','',12),(99901,'1767313',30673465,'Varanda','30673465.jpg','P','0000-00-00','',13),(99901,'1767313',30673466,'','30673466.png','N','0000-00-00','',14),(99902,'1767314',30673467,'','30673467.jpg','D','0000-00-00','',0),(99902,'1767314',30673468,'Cozinha','30673468.jpg','D','0000-00-00','',1),(99902,'1767314',30673469,'','30673469.jpg','P','0000-00-00','',2),(99902,'1767315',30673470,'','30673470.jpg','N','0000-00-00','',0),(99901,'862104',30673471,'','30673471.jpg','D','0000-00-00','',0);

/*Table structure for table `imobiliaria` */

DROP TABLE IF EXISTS `imobiliaria`;

CREATE TABLE `imobiliaria` (
  `id` int(11) NOT NULL AUTO_INCREMENT,
  `Nome` varchar(150) NOT NULL,
  `Endereco` varchar(150) NOT NULL,
  `Bairro` varchar(50) NOT NULL,
  `Cidade` varchar(50) NOT NULL,
  `Estado` varchar(2) NOT NULL,
  `Email` varchar(150) NOT NULL,
  PRIMARY KEY (`id`)
) ENGINE=InnoDB AUTO_INCREMENT=99903 DEFAULT CHARSET=latin1;

/*Data for the table `imobiliaria` */

insert  into `imobiliaria`(`id`,`Nome`,`Endereco`,`Bairro`,`Cidade`,`Estado`,`Email`) values (99901,'Modelo 01','Rua Professor Gabizo, 26','','Rio de Janeiro','RJ','site@infoideias.com.br'),(99902,'Modelo Marte','Rua Professor Gabizo, 26','','Rio de Janeiro','RJ','site@infoideias.com.br');

/*Table structure for table `imovel` */

DROP TABLE IF EXISTS `imovel`;

CREATE TABLE `imovel` (
  `id` varchar(22) NOT NULL,
  `imobiliariaid` int(6) NOT NULL,
  `tipoImovel` varchar(40) NOT NULL,
  `descricao` varchar(100) NOT NULL,
  `bairro` varchar(40) NOT NULL,
  `localizacao` varchar(100) NOT NULL,
  `observacao` longtext NOT NULL,
  `valor` double(11,2) NOT NULL,
  PRIMARY KEY (`id`)
) ENGINE=InnoDB DEFAULT CHARSET=latin1;

/*Data for the table `imovel` */

insert  into `imovel`(`id`,`imobiliariaid`,`tipoImovel`,`descricao`,`bairro`,`localizacao`,`observacao`,`valor`) values ('1071155',99901,'Apartamento','frente pro mar','Centro','(-22.9070828, -43.1819148)','',7711.55),('1197271',99901,'Apartamento','Muita privacidade','Centro','(-22.9070828, -43.1819148)','',8972.71),('1197272',99901,'Apartamento','Puro Luxo','Centro','(-22.9070828, -43.1819148)','',8972.72),('1309086',99901,'Apartamento','Ótimo imovel em condomínio','Praça da Bandeira','(-22.9102021, -43.2122385)','',10590.86),('1550095',99901,'Apartamento','Ver e comprar','Centro','(-22.9070828, -43.1819148)','',15500.95),('1550097',99901,'Apartamento','<p>sdafasdfadsfsda</p>','Centro','(-22.9070828, -43.1819148)','',12500.97),('1611508',99901,'Apartamento','','Itaipuaçú','(-22.9566767, -42.956293)','',16115.08),('1612144',99901,'Apartamento','','Centro','(-22.9070828, -43.1819148)','',13121.44),('1613985',99901,'Apartamento','','Centro','(-22.9070828, -43.1819148)','',13139.85),('1626151',99901,'Apartamento','','Centro','(-22.9070828, -43.1819148)','',13261.51),('1626152',99901,'Apartamento','','Centro','(-22.9070828, -43.1819148)','',16261.52),('1630615',99902,'Apartamento','','Campo Grande','(-22.9035842, -43.5662438)','',13306.15),('1767286',99901,'Apartamento','<p>RESERVA DAS MANGUEIRAS</p>  <p>Essa &eacute; a sua grande oportunidade!!!</p>  <p>Saia j&aacute; ','Centro','(-22.7869886, -43.3125635)','',14672.86),('1767287',99901,'Apartamento','<p>RESERVA DAS MANGUEIRAS</p>  <p>Essa &eacute; a sua grande oportunidade!!!</p>  <p>Saia j&aacute; ','Centro','(-22.7869886, -43.3125635)','',14672.87),('1767288',99901,'Cobertura','<p>Cobertura extremamente luxuosa em copacabana.</p>  <p>Apenas a 10 minutos da praia.</p>','Copacabana','(-22.9697777, -43.1868592)','',14672.88),('1767289',99901,'Cobertura','<p>Cobertura extremamente luxuosa em copacabana.</p>  <p>Apenas a 10 minutos da praia.</p>','Copacabana','(-22.9697777, -43.1868592)','',14672.89),('1767290',99901,'Apartamento','<p>RESERVA DAS MANGUEIRAS</p>  <p>Essa &eacute; a sua grande oportunidade!!!</p>  <p>Saia j&aacute; ','Centro','(-22.7869886, -43.3125635)','',14672.90),('1767291',99901,'Apartamento','<p>RESERVA DAS MANGUEIRAS</p>  <p>Essa &eacute; a sua grande oportunidade!!!</p>  <p>Saia j&aacute; ','Centro','(-22.7869886, -43.3125635)','',14672.91),('1767292',99901,'Apartamento','<p>RESERVA DAS MANGUEIRAS</p>  <p>Essa &eacute; a sua grande oportunidade!!!</p>  <p>Saia j&aacute; ','Centro','(-22.7869886, -43.3125635)','',14672.92),('1767293',99901,'Casa','<p>&Oacute;tima localiza&ccedil;&atilde;o. Proximo ao comercio, transporte, lazer.</p>','Braz de Pina','(-22.8331178, -43.3022257)','',14672.93),('1767294',99901,'Apartamento','<p>Excelente localiza&ccedil;&atilde;o. Pr&eacute;dio comercial e resid&ecirc;ncial, porteiro 24 hor','Penha Circular','(-22.8341709, -43.2853431)','',14672.94),('1767295',99901,'Apartamento','<p>Excelente localiza&ccedil;&atilde;o. Pr&eacute;dio comercial e resid&ecirc;ncial, porteiro 24 hor','Penha Circular','(-22.8341709, -43.2853431)','',14672.95),('1767296',99901,'Apartamento','<p>Excelente localiza&ccedil;&atilde;o. Pr&eacute;dio comercial e resid&ecirc;ncial, porteiro 24 hor','Penha Circular','(-22.8341709, -43.2853431)','',14672.96),('1767300',99901,'Apartamento','<p>RESERVA DAS MANGUEIRAS</p>  <p>Essa &eacute; a sua grande oportunidade!!!</p>  <p>Saia j&aacute; ','Centro','(-22.7869886, -43.3125635)','',14673.00),('1767301',99901,'Apartamento','<p>RESERVA DAS MANGUEIRAS</p>  <p>Essa &eacute; a sua grande oportunidade!!!</p>  <p>Saia j&aacute; ','Centro','(-22.7869886, -43.3125635)','',14673.01),('1767302',99901,'Apartamento','<p>Pr&oacute;ximo a todo com&eacute;rcio e transporte, totalmente reformardo por arquiteto com fino.','Bom Jesus','(-30.0454753, -51.1579419)','',14673.02),('1767303',99901,'Casa','<p>Maravilhoso apartamento com vista p/ o verde.</p>','Penha Circular','(-22.8341709, -43.2853431)','',14673.03),('1767304',99901,'Apartamento','<p>Excelente localiza&ccedil;&atilde;o. Pr&eacute;dio comercial e resid&ecirc;ncial, porteiro 24 hor','Penha Circular','(-22.8341709, -43.2853431)','',14673.04),('1767305',99901,'Casa','<p>Excelente casa est&uacute;dio com 690 m&sup2; de &aacute;rea constru&iacute;da.</p>','Penha Circular','(-22.8341709, -43.2853431)','',14673.05),('1767306',99901,'Casa','<p>Excelente casa est&uacute;dio com 690 m&sup2; de &aacute;rea constru&iacute;da.</p>','Penha Circular','(-22.8341709, -43.2853431)','',14673.06),('1767307',99901,'Apartamento','<p>Todo&nbsp; mobiliado... Voc&ecirc; ir&aacute; se apaixonar!</p>','Penha Circular','(-22.8341709, -43.2853431)','',14673.07),('1767308',99901,'Apartamento','<p>Todo&nbsp; mobiliado... Voc&ecirc; ir&aacute; se apaixonar!</p>','Penha Circular','(-22.8341709, -43.2853431)','',14673.08),('1767309',99901,'Cobertura','<p>Todo&nbsp; mobiliado... Voc&ecirc; ir&aacute; se apaixonar!</p>','Penha Circular','(-22.8341709, -43.2853431)','',14673.09),('1767310',99901,'Casa','<p>Casa duplex composta de 1&ordm; piso com salao em 4 ambientes, sala de jantar, lavabo, escrit&oac','Ponta Verde','(-9.6616448, -35.7051921)','',14673.10),('1767311',99901,'Casa','<p>Casa duplex composta de 1&ordm; piso com salao em 4 ambientes, sala de jantar, lavabo, escrit&oac','Ponta Verde','(-9.6616448, -35.7051921)','',14673.11),('1767312',99901,'Casa','<p>Casa duplex composta de 1&ordm; piso com salao em 4 ambientes, sala de jantar, lavabo, escrit&oac','Ponta Verde','(-9.6616448, -35.7051921)','',14673.12),('1767313',99901,'Casa','<p>Casa duplex composta de 1&ordm; piso com salao em 4 ambientes, sala de jantar, lavabo, escrit&oac','Ponta Verde','(-9.6616448, -35.7051921)','',17673.13),('1767314',99902,'Apartamento','<p>Aqui entra um destaque do im&oacute;vel</p>','Vila Sarapuí','(-22.7497467, -43.2992789)','',14673.14),('1767315',99902,'Apartamento','<p>Aqui entra um destaque do im&oacute;vel</p>','Vila Sarapuí','(-22.7497467, -43.2992789)','',14673.15),('862104',99901,'Apartamento','<p>RESERVA DAS MANGUEIRAS</p>  <p>Essa &eacute; a sua grande oportunidade!!!</p>  <p>Saia j&aacute; ','Centro','(-22.7869886, -43.3125635)','',5621.04),('862105',99901,'Cobertura','<p>	Cobertura extremamente luxuosa em copacabana.</p><p>	Apenas a 10 minutos da praia.</p>','Copacabana','(-22.9697777, -43.1868592)','',5621.05),('862106',99901,'Cobertura','<p>	Lindo Apartamento de frente pro mar.<br />	Voc&ecirc; nunca viu nada igual!&nbsp;<br />	Espa&cce','Penha Circular','(-22.8341709, -43.2853431)','',5621.06),('862107',99901,'Apartamento','<p>Todo&nbsp; mobiliado... Voc&ecirc; ir&aacute; se apaixonar!</p>','Penha Circular','(-22.8341709, -43.2853431)','',5621.07),('862108',99901,'Casa','<p>	Casa linda! Toda mobiliada!<br />	Oportunidade Única!</p>','Cidade Nova','(-19.8898399, -43.9257935)','',5621.08),('862109',99901,'Casa','<p>	&Oacute;tima localiza&ccedil;&atilde;o. Proximo ao comercio, transporte, lazer.</p>','Braz de Pina','(-22.8331178, -43.3022257)','',5621.09),('862110',99901,'Cobertura','<p>Cobertura muito espa&ccedil;osa.</p>','Jardim Paulista','(-23.5693243, -46.6565455)','',5621.10),('862111',99901,'Apartamento','<p>	Próximo a todo comércio e transporte, totalmente reformardo por arquiteto com fino.</p>','Bom Jesus','(-30.0454753, -51.1579419)','',5621.11),('862112',99901,'Casa','<p>	Maravilhoso apartamento com vista p/ o verde.</p>','Penha Circular','(-22.8341709, -43.2853431)','',5621.12),('862114',99901,'Apartamento','<p>Excelente localiza&ccedil;&atilde;o. Pr&eacute;dio comercial e resid&ecirc;ncial, porteiro 24 hor','Penha Circular','(-22.8341709, -43.2853431)','',5621.14),('862115',99901,'Casa','<p>	Excelente casa estúdio com 690 m² de área construída.</p>','Penha Circular','(-22.8341709, -43.2853431)','',5621.15),('862116',99901,'Casa','<p>	Casa duplex composta de 1&ordm; piso com salao em 4 ambientes, sala de jantar, lavabo, escrit&oa','Ponta Verde','(-9.6616448, -35.7051921)','',5621.16),('862117',99901,'Casa','<p>	Belíssima casa, original, muito verde, telhado com grama, exótica.</p>','Centro','(-27.6140791, -48.6370861)','',5621.17),('862118',99901,'Apartamento','<p>Aqui entra a descri&ccedil;&atilde;o do im&oacute;vel</p>','Penha Circular','(-22.8341709, -43.2853431)','',5621.18),('862119',99901,'Cobertura','<p>	O im&oacute;vel foi rec&eacute;m-reformado e encontra-se em &oacute;timo estado.</p>','Penha Circular','(-22.8341709, -43.2853431)','',5621.19),('896501',99902,'Apartamento','<p>Aqui entra um destaque do im&oacute;vel</p>','Vila Sarapuí','(-22.7497467, -43.2992789)','',5965.01),('896502',99902,'Cobertura','<p>Cobertura extremamente luxuosa em copacabana.</p>  <p>Apenas a 10 minutos da praia.</p>','Copacabana','(-22.9697777, -43.1868592)','',5965.02),('896503',99902,'Apartamento','<p>	Lindo Apartamento de frente pro mar.<br />	Você nunca viu nada igual! <br />	Espaçoso e luxuoso.','Penha Circular','(-22.8341709, -43.2853431)','',5965.03),('896504',99902,'Apartamento','<p>	Todo  mobiliado... Você irá se apaixonar!</p>','Penha Circular','(-22.8341709, -43.2853431)','',5965.04),('896505',99902,'Casa','<p>	Casa linda! Toda mobiliada!<br />	Oportunidade Única!</p>','Cidade Nova','(-19.8898399, -43.9257935)','',5965.05),('896506',99902,'Casa','<p>	Ótima localização. Proximo ao comercio, transporte, lazer.</p>','Braz de Pina','(-22.8331178, -43.3022257)','',5965.06),('896507',99902,'Cobertura','<p>Cobertura muito espa&ccedil;osa.</p>','Jardim Paulista','(-23.5693243, -46.6565455)','',5965.07),('896508',99902,'Apartamento','<p>	Próximo a todo comércio e transporte, totalmente reformardo por arquiteto com fino.</p>','Bom Jesus','(-30.0454753, -51.1579419)','',5965.08),('896509',99902,'Apartamento','<p>	Maravilhoso apartamento com vista p/ o verde.</p>','Penha Circular','(-22.8341709, -43.2853431)','',5965.09),('896510',99902,'Casa','<p>	Ótima casa c/ vaga p/ 2 automóveis</p>','Braz de Pina','(-22.8331178, -43.3022257)','',5965.10),('896511',99902,'Apartamento','<p>	Excelente localização. Prédio comercial e residêncial, porteiro 24 horas.</p>','Penha Circular','(-22.8341709, -43.2853431)','',5965.11),('896512',99902,'Casa','<p>	Excelente casa estúdio com 690 m² de área construída.</p>','Penha Circular','(-22.8341709, -43.2853431)','',5965.12),('896513',99902,'Casa','<p>	Casa duplex composta de 1º piso com salao em 4 ambientes, sala de jantar, lavabo, escritório, co','Ponta Verde','(-9.6616448, -35.7051921)','',5965.13),('896514',99902,'Casa','<p>	Belíssima casa, original, muito verde, telhado com grama, exótica.</p>','Centro','(-27.6140791, -48.6370861)','',5965.14),('896515',99902,'Apartamento','<p>	Aqui entra a descrição do imóvel</p>','Penha Circular','(-22.8341709, -43.2853431)','',5965.15),('896516',99902,'Casa','<p>	O imóvel foi recém-reformado e encontra-se em ótimo estado.</p>','Penha Circular','(-22.8341709, -43.2853431)','',5965.16);

/*!40101 SET SQL_MODE=@OLD_SQL_MODE */;
/*!40014 SET FOREIGN_KEY_CHECKS=@OLD_FOREIGN_KEY_CHECKS */;
/*!40014 SET UNIQUE_CHECKS=@OLD_UNIQUE_CHECKS */;
/*!40111 SET SQL_NOTES=@OLD_SQL_NOTES */;
